Carrier,Bundle plan,Price,Best For,Plan Link,Carrier_ID
AT&T,"Unlimited Extra EL w/
Internet 300",Starting at $110.99/mo.,Overall,https://www.whistleout.com/Transact?pai=3&si=376&gi=595&pi=7136&ct=0,5.0
T-Mobile,"Magenta MAX w/
T-Mobile 5G home",Starting at: $115/mo.,5G internet,https://www.whistleout.com/Transact?pai=2&si=378&gi=375&pi=9025&ct=0&ppt=0,2.0
Cox Mobile,"By the Gig w/
Preferred 250",Starting at: $65/mo.,Pay-per-gig,https://www.whistleout.com/Transact?pai=3&si=514&gi=762&pi=8471&ct=0,
Spectrum Mobile,"Unlimited data w/
Internet 100",Starting at: $60/mo.,No-contract plans,https://www.whistleout.com/Transact?pai=3&si=486&gi=538&pi=7313&ct=0&ci=9007,
Xfinity Mobile,"Unlimited Intro w/
Internet Essentials",Starting at: $55/mo.,Cheap internet,https://www.whistleout.com/Transact?pai=3&si=467&gi=510&pi=6400&ct=0&ci=6425,
Optimum Mobile,"Unlimited MAX w/
Optimum 300",Starting at: $95/mo.,Internet perks,https://www.whistleout.com/Transact?pai=3&si=504&gi=585&pi=8246&ct=0,
